iso3_code,country,year,value
AUT,Austria,2013,1.81154978929864
CAN,Canada,2013,1.58833676315993
CHE,Switzerland,2013,1.701608445383
COL,Colombia,2013,0.0262846450513866
CZE,Czechia,2013,0.5034169424972
DEU,Germany,2013,2.05042643454093
FIN,Finland,2013,1.1594695090376
HUN,Hungary,2013,0.95588353217658
MMR,Myanmar,2013,0.0199218521521258
SVK,Slovakia,2013,0.0758682312972007
SVN,Slovenia,2013,1.57094536546571
AUS,Australia,2014,9.70335033323931
AUT,Austria,2014,1.72312534731745
CAN,Canada,2014,1.66338068829165
CHE,Switzerland,2014,1.70421980878901
COL,Colombia,2014,0.0260570124827421
CZE,Czechia,2014,0.502875626575778
DEU,Germany,2014,2.05385994736533
FIN,Finland,2014,1.11678292066653
HUN,Hungary,2014,0.532185005815186
MMR,Myanmar,2014,0.0079045319092317
SVK,Slovakia,2014,0.0
SVN,Slovenia,2014,0.882269039120789
ATG,Antigua and Barbuda,2015,4.71220224772047
AUS,Australia,2015,10.0063165924574
AUT,Austria,2015,1.72289784336852
BOL,Bolivia (Plurinational State of),2015,0.396329520253024
CAN,Canada,2015,1.66501655303956
CHE,Switzerland,2015,1.82996747415811
COL,Colombia,2015,0.0559824504491795
CZE,Czechia,2015,0.405676613535265
DEU,Germany,2015,1.95535614993047
FIN,Finland,2015,1.00117081364596
LTU,Lithuania,2015,0.373640555543724
MMR,Myanmar,2015,0.0156865273397152
NZL,New Zealand,2015,2.11283228689445
ROU,Romania,2015,0.20823280677677
SVK,Slovakia,2015,0.378393074347239
SVN,Slovenia,2015,0.489541197094671
VEN,Venezuela (Bolivarian Republic of),2015,0.987149193089442
ATG,Antigua and Barbuda,2016,9.36318629229527
AUS,Australia,2016,10.3362259167696
AUT,Austria,2016,1.74699057580111
BOL,Bolivia (Plurinational State of),2016,0.319576511410479
CAN,Canada,2016,1.70801253914115
CHE,Switzerland,2016,1.73567522527317
COL,Colombia,2016,0.042646274696511
CZE,Czechia,2016,0.366586065967163
DEU,Germany,2016,1.85594216120302
ESP,Spain,2016,0.617730666775654
FIN,Finland,2016,1.03434238358292
FRA,France,2016,4.74270326848443
GUY,Guyana,2016,12.3131941228589
HRV,Croatia,2016,0.552174185856811
HUN,Hungary,2016,0.598276664069149
LTU,Lithuania,2016,0.227078420397092
LVA,Latvia,2016,0.0
MNG,Mongolia,2016,0.0
NZL,New Zealand,2016,2.83459494282493
ROU,Romania,2016,0.345039603488852
SVK,Slovakia,2016,0.642125632257672
SVN,Slovenia,2016,0.879942588634662
VEN,Venezuela (Bolivarian Republic of),2016,0.0850758809779263
ATG,Antigua and Barbuda,2017,9.30892842597656
AUS,Australia,2017,9.87695731528654
AUT,Austria,2017,1.87235940979071
BHS,Bahamas,2017,1.59588898996186
BOL,Bolivia (Plurinational State of),2017,0.437563342763407
CAN,Canada,2017,4.73072380621773
CHE,Switzerland,2017,2.07595192238517
COL,Colombia,2017,0.042036113309016
DEU,Germany,2017,1.75757223548757
ESP,Spain,2017,0.681506521822078
FIN,Finland,2017,0.589135892294176
FRA,France,2017,5.07189265457847
GTM,Guatemala,2017,0.0
HUN,Hungary,2017,0.363854209183209
KNA,Saint Kitts and Nevis,2017,0.0
LTU,Lithuania,2017,0.153261520093735
LVA,Latvia,2017,1.00813621936596
MEX,Mexico,2017,0.534044727493696
MNG,Mongolia,2017,0.129505496213259
NZL,New Zealand,2017,1.72113246318193
OMN,Oman,2017,0.0
PAN,Panama,2017,0.633368996879927
ROU,Romania,2017,0.325433949112103
SLV,El Salvador,2017,1.65723928624395
SVK,Slovakia,2017,1.09321855795048
SVN,Slovenia,2017,0.976079702764209
VEN,Venezuela (Bolivarian Republic of),2017,0.0725167201307173
ALB,Albania,2018,0.0698045681505489
ATG,Antigua and Barbuda,2018,4.62962962962963
AUS,Australia,2018,9.27355085826673
AUT,Austria,2018,2.39168649773388
BHS,Bahamas,2018,2.64847341992076
BOL,Bolivia (Plurinational State of),2018,0.362448161283218
CAN,Canada,2018,5.19040607717156
CHE,Switzerland,2018,2.43911824691336
COL,Colombia,2018,2.78590275424664
DEU,Germany,2018,1.85114575050726
ESP,Spain,2018,0.821228355338075
FIN,Finland,2018,1.2126461353427
FRA,France,2018,5.79741441306893
GTM,Guatemala,2018,0.071756176816548
GUY,Guyana,2018,1.03120689877415
HRV,Croatia,2018,0.722201931786996
HUN,Hungary,2018,0.171189822765037
KNA,Saint Kitts and Nevis,2018,0.0
LTU,Lithuania,2018,0.694095254547866
LVA,Latvia,2018,0.901522728233156
MEX,Mexico,2018,0.613445973887287
MMR,Myanmar,2018,0.0076706757965095
MNG,Mongolia,2018,0.189948555599525
NZL,New Zealand,2018,1.72856116009501
OMN,Oman,2018,0.0
PAN,Panama,2018,0.71874725228915
ROU,Romania,2018,0.284630941196513
SLV,El Salvador,2018,1.28459121011703
SVK,Slovakia,2018,0.677336472160718
SVN,Slovenia,2018,0.193984633507257
VEN,Venezuela (Bolivarian Republic of),2018,0.11501288567161
AUS,Australia,2019,9.90833955602889
AUT,Austria,2019,3.41079071170726
BOL,Bolivia (Plurinational State of),2019,1.70243511211131
CAN,Canada,2019,6.60228734886377
CHE,Switzerland,2019,2.0920359482294
COL,Colombia,2019,2.73677747250208
DEU,Germany,2019,2.14970285932171
ESP,Spain,2019,0.626620347405617
FIN,Finland,2019,1.02719950929212
FRA,France,2019,7.06199214934543
GBR_E_W,United Kingdom (England and Wales),2019,0.0578575505583951
GTM,Guatemala,2019,0.0
GUY,Guyana,2019,2.01818383636565
HND,Honduras,2019,1.01774234216238
HRV,Croatia,2019,0.572891453475094
HUN,Hungary,2019,0.277894695439171
KNA,Saint Kitts and Nevis,2019,0.0
LTU,Lithuania,2019,0.38456775737774
LVA,Latvia,2019,0.905948913540765
MEX,Mexico,2019,2.09530229140265
MNG,Mongolia,2019,0.123809341043354
PAN,Panama,2019,1.36783226414445
ROU,Romania,2019,0.476490589628515
SLV,El Salvador,2019,1.85934683512124
SVK,Slovakia,2019,0.939172607716054
SVN,Slovenia,2019,0.479505457251609
SWE,Sweden,2019,1.39285290419019
AUS,Australia,2020,11.0617442609275
AUT,Austria,2020,2.75684166649484
BOL,Bolivia (Plurinational State of),2020,2.02017974380922
CAN,Canada,2020,6.58073447271614
CHE,Switzerland,2020,2.16929909946096
COL,Colombia,2020,1.54718924189346
CZE,Czechia,2020,0.711451582354847
DEU,Germany,2020,2.54049073610901
ESP,Spain,2020,0.704609007657499
FIN,Finland,2020,1.2815433590057
FRA,France,2020,7.32996731210475
GTM,Guatemala,2020,0.0116090166768168
GUY,Guyana,2020,5.07340584075847
HND,Honduras,2020,0.725689831928274
HRV,Croatia,2020,0.262485172868798
HUN,Hungary,2020,0.556498094475611
KNA,Saint Kitts and Nevis,2020,0.0
LTU,Lithuania,2020,0.0
LVA,Latvia,2020,0.683173660467245
MAR,Morocco,2020,0.0270683347690378
MEX,Mexico,2020,1.8966349987841
MNG,Mongolia,2020,0.0
OMN,Oman,2020,0.106809459045693
PAN,Panama,2020,0.651532042694895
ROU,Romania,2020,0.298017877773183
SLV,El Salvador,2020,1.85630855493298
SVK,Slovakia,2020,0.75063649283114
SVN,Slovenia,2020,0.663585418374017
SWE,Sweden,2020,1.63164391003307
AUS,Australia,2021,9.93838010227603
AUT,Austria,2021,2.49320262303048
BHS,Bahamas,2021,3.15924988876808
BLZ,Belize,2021,0.0
BOL,Bolivia (Plurinational State of),2021,1.61938074880166
CAN,Canada,2021,7.78314901131893
CHE,Switzerland,2021,2.38326154432803
COL,Colombia,2021,1.58269982475556
CZE,Czechia,2021,0.674221219109471
DEU,Germany,2021,2.64524951969541
ESP,Spain,2021,0.882994824967818
FIN,Finland,2021,1.02245213600293
FRA,France,2021,9.01723028103993
GBR_E_W,United Kingdom (England and Wales),2021,0.0822556218890024
GTM,Guatemala,2021,0.0114547215760964
GUY,Guyana,2021,4.27512705929098
HND,Honduras,2021,0.926129767373567
HRV,Croatia,2021,1.32199589652474
HUN,Hungary,2021,0.279313044606723
KNA,Saint Kitts and Nevis,2021,4.44780500822844
LTU,Lithuania,2021,0.0761274281794811
LVA,Latvia,2021,0.573468809604914
MEX,Mexico,2021,2.57664623048999
ROU,Romania,2021,0.461137824336731
SLV,El Salvador,2021,2.0187576229129
SVK,Slovakia,2021,0.489046119306186
SVN,Slovenia,2021,0.377132033453497
SWE,Sweden,2021,2.21289267518217
VAT,Holy See,2021,0.0
AUS,Australia,2022,9.69964820122101
AUT,Austria,2022,3.74380912402152
BHS,Bahamas,2022,2.62821759539116
BLZ,Belize,2022,0.49282204688709
BOL,Bolivia (Plurinational State of),2022,2.29609727060935
CAN,Canada,2022,7.35905942611627
CHE,Switzerland,2022,1.94720820741387
COL,Colombia,2022,1.06134277288724
CZE,Czechia,2022,0.494100957178075
DEU,Germany,2022,2.46196341799392
ESP,Spain,2022,0.79197330794477
FIN,Finland,2022,1.41663202274893
FRA,France,2022,8.24797298824653
GTM,Guatemala,2022,0.0451902364912402
GUY,Guyana,2022,1.49861003918865
HND,Honduras,2022,1.00580787627273
HRV,Croatia,2022,0.955819373502881
HUN,Hungary,2022,0.559725390112451
IRL,Ireland,2022,1.18573700669388
KNA,Saint Kitts and Nevis,2022,4.4612982377872
LTU,Lithuania,2022,0.0754036925188226
LVA,Latvia,2022,1.49325908389704
MAR,Morocco,2022,0.196416539493593
MEX,Mexico,2022,2.60729986431544
ROU,Romania,2022,0.506283789730216
SLV,El Salvador,2022,1.00556412147215
SVK,Slovakia,2022,0.523821140523252
SVN,Slovenia,2022,0.847618850289792
SWE,Sweden,2022,2.02660036084851
VAT,Holy See,2022,0.0
AUT,Austria,2013,11.7245851189907
CAN,Canada,2013,23.506469365961
CHE,Switzerland,2013,12.6252050374812
COL,Colombia,2013,5.60353333860103
CZE,Czechia,2013,5.46156029483074
DEU,Germany,2013,14.3677735193831
FIN,Finland,2013,6.68976987734036
HUN,Hungary,2013,3.45449141780819
MMR,Myanmar,2013,0.0993459480036422
SVK,Slovakia,2013,0.468591399833902
SVN,Slovenia,2013,10.5978487330513
AUS,Australia,2014,48.9648682757832
AUT,Austria,2014,12.0154800579077
CAN,Canada,2014,23.2746989100314
CHE,Switzerland,2014,13.7391095221929
COL,Colombia,2014,5.55248795111177
CZE,Czechia,2014,5.46104600351489
DEU,Germany,2014,14.026113491933
FIN,Finland,2014,7.20617756778176
HUN,Hungary,2014,4.62709532155167
MMR,Myanmar,2014,0.126085057965143
SVK,Slovakia,2014,0.576368564642346
SVN,Slovenia,2014,6.26021197077733
AUS,Australia,2015,53.8923516658021
AUT,Austria,2015,12.0490375405804
BOL,Bolivia (Plurinational State of),2015,22.2007941954349
CAN,Canada,2015,25.4074944163514
CHE,Switzerland,2015,14.048499098256
COL,Colombia,2015,6.56886981015861
CZE,Czechia,2015,5.29181706506289
DEU,Germany,2015,13.4322867519201
FIN,Finland,2015,8.30076809055383
LTU,Lithuania,2015,1.21205973923492
MMR,Myanmar,2015,0.117235738384776
NZL,New Zealand,2015,25.1046346656579
ROU,Romania,2015,2.31824541939543
SVK,Slovakia,2015,0.0360032957416922
SVN,Slovenia,2015,5.77710485204594
VEN,Venezuela (Bolivarian Republic of),2015,0.0
AUS,Australia,2016,56.6419984589493
AUT,Austria,2016,11.9689926596553
BOL,Bolivia (Plurinational State of),2016,19.1976101949585
CAN,Canada,2016,28.0175060014802
CHE,Switzerland,2016,14.9290473954668
COL,Colombia,2016,7.47015118093627
CZE,Czechia,2016,5.14115700897207
DEU,Germany,2016,13.2281088366809
ESP,Spain,2016,4.63247491678022
FIN,Finland,2016,9.36008908222713
FRA,France,2016,23.849341121756
GUY,Guyana,2016,1.28216634826202
HRV,Croatia,2016,11.2390020419075
HUN,Hungary,2016,3.70339833577075
LTU,Lithuania,2016,1.80880889933978
LVA,Latvia,2016,0.471774442751823
MMR,Myanmar,2016,0.155045715713796
MNG,Mongolia,2016,1.11037340224615
NZL,New Zealand,2016,22.3768487614163
ROU,Romania,2016,2.584958225998
SVK,Slovakia,2016,0.0
SVN,Slovenia,2016,5.77712432082682
VEN,Venezuela (Bolivarian Republic of),2016,0.839508889882523
AUS,Australia,2017,59.8392318234922
AUT,Austria,2017,12.4086538622774
AZE,Azerbaijan,2017,0.0391051222919825
BHS,Bahamas,2017,18.2714244797582
BOL,Bolivia (Plurinational State of),2017,12.1290064567869
CAN,Canada,2017,40.7928721560284
CHE,Switzerland,2017,14.1691588786143
COL,Colombia,2017,7.64932754728667
DEU,Germany,2017,13.6330655997595
ESP,Spain,2017,4.67870150381649
FIN,Finland,2017,7.1260931749216
FRA,France,2017,26.4525148186712
GTM,Guatemala,2017,0.371525383752764
HUN,Hungary,2017,3.98951500698116
KGZ,Kyrgyzstan,2017,0.3191267670448
KNA,Saint Kitts and Nevis,2017,4.12881915772089
LTU,Lithuania,2017,2.2304537628575
LVA,Latvia,2017,4.76255110812658
MEX,Mexico,2017,4.34805054434962
MNG,Mongolia,2017,1.28202827128744
NZL,New Zealand,2017,23.6567200101703
OMN,Oman,2017,0.0
PAN,Panama,2017,5.27809964954396
ROU,Romania,2017,3.069760604916
SLV,El Salvador,2017,28.0642800974819
SVK,Slovakia,2017,0.0359326664949085
SVN,Slovenia,2017,5.87723232458509
VEN,Venezuela (Bolivarian Republic of),2017,0.649502143616875
ALB,Albania,2018,0.0684153633539948
AUS,Australia,2018,60.4149817775139
AUT,Austria,2018,14.1322954219486
BHS,Bahamas,2018,19.124256176767
BOL,Bolivia (Plurinational State of),2018,10.8672141922667
CAN,Canada,2018,48.769770686764
CHE,Switzerland,2018,17.3983645537319
COL,Colombia,2018,23.7181707019048
DEU,Germany,2018,15.5006028933669
ESP,Spain,2018,5.83134262761134
FIN,Finland,2018,9.01798766468116
FRA,France,2018,30.8623118093537
GTM,Guatemala,2018,0.294671091369196
GUY,Guyana,2018,17.0935724451612
HRV,Croatia,2018,9.49024900879622
HUN,Hungary,2018,1.86230015436508
KGZ,Kyrgyzstan,2018,0.531392479608595
KNA,Saint Kitts and Nevis,2018,4.12362631698316
LTU,Lithuania,2018,2.12507952446033
LVA,Latvia,2018,5.38357749299294
MEX,Mexico,2018,3.5772006032471
MMR,Myanmar,2018,0.301539095622036
MNG,Mongolia,2018,1.00734670544112
NZL,New Zealand,2018,20.0721910921154
OMN,Oman,2018,0.0
PAN,Panama,2018,11.6296057083103
ROU,Romania,2018,3.0755829960411
SLV,El Salvador,2018,27.0720379879252
SVK,Slovakia,2018,0.0717935905554096
SVN,Slovenia,2018,5.68142971734406
VEN,Venezuela (Bolivarian Republic of),2018,0.505768438778344
AUS,Australia,2019,59.905890883562
AUT,Austria,2019,19.6791609763124
AZE,Azerbaijan,2019,0.0387014801961623
BOL,Bolivia (Plurinational State of),2019,38.0339861696007
CAN,Canada,2019,55.5616583750997
CHE,Switzerland,2019,16.9315302333058
COL,Colombia,2019,23.2966793893236
DEU,Germany,2019,15.9866961939038
ESP,Spain,2019,5.85444082642579
FIN,Finland,2019,10.9088268862166
FRA,France,2019,38.1478269744255
GBR_E_W,United Kingdom (England and Wales),2019,0.419198896934661
GTM,Guatemala,2019,0.139309348365431
GUY,Guyana,2019,42.3080757363186
HND,Honduras,2019,10.967975538779
HRV,Croatia,2019,13.9866908650938
HUN,Hungary,2019,2.23866726246636
KGZ,Kyrgyzstan,2019,1.43374358228155
KNA,Saint Kitts and Nevis,2019,0.0
LTU,Lithuania,2019,2.54198115321658
LVA,Latvia,2019,4.75169485197501
MEX,Mexico,2019,10.0281063385289
MNG,Mongolia,2019,0.927800713355042
PAN,Panama,2019,19.1056521281639
ROU,Romania,2019,3.40044945589826
SLV,El Salvador,2019,32.9933971849004
SVK,Slovakia,2019,0.0
SVN,Slovenia,2019,4.70837615313177
SWE,Sweden,2019,43.8757986124328
AUS,Australia,2020,67.2550124567879
AUT,Austria,2020,19.2837030976048
BOL,Bolivia (Plurinational State of),2020,36.3498118012319
CAN,Canada,2020,56.9206115740434
CHE,Switzerland,2020,16.9519459421279
COL,Colombia,2020,15.0330463521792
CZE,Czechia,2020,5.98187361441347
DEU,Germany,2020,17.1951687197395
ESP,Spain,2020,6.31021533805619
FIN,Finland,2020,10.5055153955827
FRA,France,2020,44.2505044688463
GTM,Guatemala,2020,0.12581016744018
GUY,Guyana,2020,42.3453005185485
HND,Honduras,2020,8.62370541103657
HRV,Croatia,2020,12.5421620393653
HUN,Hungary,2020,3.03305856580053
KGZ,Kyrgyzstan,2020,0.921048604923332
KNA,Saint Kitts and Nevis,2020,8.23689304394382
LTU,Lithuania,2020,1.61437873325082
LVA,Latvia,2020,5.08373746602084
MAR,Morocco,2020,0.0772949420398356
MEX,Mexico,2020,11.5601385246197
MMR,Myanmar,2020,0.0112844220716149
MNG,Mongolia,2020,0.851138595457169
OMN,Oman,2020,0.350108081282259
PAN,Panama,2020,9.79258603311433
ROU,Romania,2020,4.39129125919477
SLV,El Salvador,2020,23.1982111397871
SVK,Slovakia,2020,0.0
SVN,Slovenia,2020,5.15491473389185
SWE,Sweden,2020,43.4662887924721
AUS,Australia,2021,76.9515766355651
AUT,Austria,2021,19.4289406254868
BHS,Bahamas,2021,8.23425984902242
BLZ,Belize,2021,9.67196758363707
BOL,Bolivia (Plurinational State of),2021,46.8775050271837
CAN,Canada,2021,68.9711150572317
CHE,Switzerland,2021,15.4838474282333
COL,Colombia,2021,16.6352153308231
CZE,Czechia,2021,5.76832172552228
DEU,Germany,2021,18.656025668577
ESP,Spain,2021,7.68954728922361
FIN,Finland,2021,12.5242612960541
FRA,France,2021,57.0873959510072
GBR_E_W,United Kingdom (England and Wales),2021,0.598286625447129
GTM,Guatemala,2021,0.146584149562739
GUY,Guyana,2021,87.8341346901753
HND,Honduras,2021,11.2590176164464
HRV,Croatia,2021,7.67138916072052
HUN,Hungary,2021,2.82968081892942
KNA,Saint Kitts and Nevis,2021,32.9489291598023
LTU,Lithuania,2021,2.1608474033198
LVA,Latvia,2021,5.8202624050508
MEX,Mexico,2021,16.0670997169573
ROU,Romania,2021,5.00836406876675
SLV,El Salvador,2021,22.8099376411631
SVK,Slovakia,2021,0.0
SVN,Slovenia,2021,6.8385322800094
SWE,Sweden,2021,51.5836110615053
VAT,Holy See,2021,0.0
AUS,Australia,2022,78.6484585864201
AUT,Austria,2022,18.310246602966
BHS,Bahamas,2022,13.5072879054297
BLZ,Belize,2022,20.0180162145931
BOL,Bolivia (Plurinational State of),2022,58.8371673921563
CAN,Canada,2022,68.4122320374836
CHE,Switzerland,2022,18.2518108371482
COL,Colombia,2022,11.1470463322917
CZE,Czechia,2022,6.54207101455047
DEU,Germany,2022,19.0606411067188
ESP,Spain,2022,8.04757311136985
FIN,Finland,2022,11.3269565053747
FRA,France,2022,61.2990004676903
GTM,Guatemala,2022,0.233426509415008
GUY,Guyana,2022,42.9657271177831
HND,Honduras,2022,11.6854905095336
HRV,Croatia,2022,13.439890583479
HUN,Hungary,2022,4.10781893567602
IRL,Ireland,2022,11.5506405469732
KNA,Saint Kitts and Nevis,2022,8.2323159562864
LTU,Lithuania,2022,1.87828133233203
LVA,Latvia,2022,6.72944846232103
MAR,Morocco,2022,0.53537977475275
MEX,Mexico,2022,22.5353955684608
MMR,Myanmar,2022,0.114910741876538
ROU,Romania,2022,6.62724618747427
SLV,El Salvador,2022,14.9533549353199
SVK,Slovakia,2022,0.0
SVN,Slovenia,2022,6.36017580665066
SWE,Sweden,2022,43.6288780158078
VAT,Holy See,2022,0.0
AUT,Austria,2013,3.91294754488507
CAN,Canada,2013,5.12495710990813
CHE,Switzerland,2013,3.7785716948946
COL,Colombia,2013,11.0307893732319
CZE,Czechia,2013,0.968109504802307
MMR,Myanmar,2013,0.0637499268868026
AUT,Austria,2014,3.68557365954011
CAN,Canada,2014,4.18108275050181
CHE,Switzerland,2014,3.5319338066207
COL,Colombia,2014,10.9352595719241
CZE,Czechia,2014,0.967068512645726
DEU,Germany,2014,5.58549717393254
MMR,Myanmar,2014,0.122520244593093
ATG,Antigua and Barbuda,2015,35.3415168579035
AUT,Austria,2015,3.32778898513647
BOL,Bolivia (Plurinational State of),2015,0.0360299563866385
CAN,Canada,2015,4.51292365386145
CHE,Switzerland,2015,3.70873408096044
COL,Colombia,2015,11.3127613330765
CZE,Czechia,2015,0.81135322707053
DEU,Germany,2015,5.29678754538128
LTU,Lithuania,2015,0.448368666652468
MMR,Myanmar,2015,0.0470595820191455
NZL,New Zealand,2015,4.62182062758162
SVK,Slovakia,2015,0.529750304086134
VEN,Venezuela (Bolivarian Republic of),2015,0.184267849376696
ATG,Antigua and Barbuda,2016,28.0895588768858
AUT,Austria,2016,5.40402418114475
BOL,Bolivia (Plurinational State of),2016,0.0532627519017466
CAN,Canada,2016,4.68039799686729
CHE,Switzerland,2016,3.59188345230141
COL,Colombia,2016,11.4761125208311
CZE,Czechia,2016,0.752466135406281
DEU,Germany,2016,5.99875764504935
ESP,Spain,2016,0.656882610444534
GUY,Guyana,2016,10.4394471911195
HRV,Croatia,2016,0.15059295977913
HUN,Hungary,2016,1.43159058902261
LTU,Lithuania,2016,0.302771227196123
LVA,Latvia,2016,0.666641112090703
MMR,Myanmar,2016,0.038915270307316
MNG,Mongolia,2016,0.0
NZL,New Zealand,2016,4.55253127180974
SVK,Slovakia,2016,0.453265152181886
VEN,Venezuela (Bolivarian Republic of),2016,0.0
ATG,Antigua and Barbuda,2017,23.2723210649414
AUT,Austria,2017,4.53064746072813
BHS,Bahamas,2017,3.19177797992372
BOL,Bolivia (Plurinational State of),2017,0.157522803394826
CAN,Canada,2017,7.90096580135669
CHE,Switzerland,2017,4.05645777937332
COL,Colombia,2017,12.3670245355125
DEU,Germany,2017,5.58961599996256
ESP,Spain,2017,0.564304763292166
HUN,Hungary,2017,1.69085191326315
KNA,Saint Kitts and Nevis,2017,0.0
LTU,Lithuania,2017,0.536415320328072
LVA,Latvia,2017,0.67209081291064
MEX,Mexico,2017,0.194651816563123
MNG,Mongolia,2017,0.518021984853037
NZL,New Zealand,2017,3.862053332018
OMN,Oman,2017,2.02494222586712
PAN,Panama,2017,0.0487206920676867
SLV,El Salvador,2017,0.101463629770038
SVK,Slovakia,2017,0.603155066455437
VEN,Venezuela (Bolivarian Republic of),2017,0.0
ALB,Albania,2018,0.767850249656038
ATG,Antigua and Barbuda,2018,20.8333333333333
AUT,Austria,2018,4.92135490879855
BHS,Bahamas,2018,4.23755747187321
BOL,Bolivia (Plurinational State of),2018,0.1898537987674
CAN,Canada,2018,9.66787396268168
CHE,Switzerland,2018,3.59947547117312
COL,Colombia,2018,1.44454216886863
DEU,Germany,2018,5.68219148351246
ESP,Spain,2018,0.825550609839854
GUY,Guyana,2018,1.28900862346769
HRV,Croatia,2018,0.928545340868995
HUN,Hungary,2018,0.855949113825183
KNA,Saint Kitts and Nevis,2018,0.0
LTU,Lithuania,2018,0.462730169698578
LVA,Latvia,2018,0.788832387204012
MEX,Mexico,2018,0.122029575450697
MMR,Myanmar,2018,0.126566150642408
MNG,Mongolia,2018,0.949742777997626
NZL,New Zealand,2018,3.66290341067753
OMN,Oman,2018,2.31638650419509
PAN,Panama,2018,0.0
SLV,El Salvador,2018,0.0338050318451851
SVK,Slovakia,2018,0.94074510022322
VEN,Venezuela (Bolivarian Republic of),2018,0.0
ATG,Antigua and Barbuda,2019,46.0574797347089
AUT,Austria,2019,10.8504348815385
BOL,Bolivia (Plurinational State of),2019,0.187267862332244
CAN,Canada,2019,11.0784143650426
CHE,Switzerland,2019,2.84422864871637
COL,Colombia,2019,1.41906980055663
DEU,Germany,2019,6.14858641950303
ESP,Spain,2019,0.832632516415683
GUY,Guyana,2019,2.01818383636565
HND,Honduras,2019,0.997786609963119
HRV,Croatia,2019,0.989539783275163
HUN,Hungary,2019,1.34672044712829
KNA,Saint Kitts and Nevis,2019,0.0
LTU,Lithuania,2019,0.307654205902192
LVA,Latvia,2019,1.01919252773336
MEX,Mexico,2019,0.32851463383146
MNG,Mongolia,2019,0.0
PAN,Panama,2019,0.141499889394253
SLV,El Salvador,2019,0.135225224372454
SVK,Slovakia,2019,0.488369756012348
SVN,Slovenia,2019,0.575406548701931
SWE,Sweden,2019,4.08183281644627
ATG,Antigua and Barbuda,2020,22.9003263296502
AUT,Austria,2020,7.42752382873816
BOL,Bolivia (Plurinational State of),2020,0.117843818388871
CAN,Canada,2020,9.49671697545014
CHE,Switzerland,2020,3.33558893788084
COL,Colombia,2020,0.759601953384388
CZE,Czechia,2020,1.84592842989366
DEU,Germany,2020,6.54860529117136
ESP,Spain,2020,0.653364716191499
GUY,Guyana,2020,1.01468116815169
HND,Honduras,2020,0.686463354526745
HRV,Croatia,2020,1.52241400263903
HUN,Hungary,2020,1.36984146332458
KNA,Saint Kitts and Nevis,2020,0.0
LTU,Lithuania,2020,0.763869288215139
LVA,Latvia,2020,0.910898213956327
MAR,Morocco,2020,0.849945711747787
MEX,Mexico,2020,0.449416505272195
MNG,Mongolia,2020,0.121511850443214
OMN,Oman,2020,1.88696710980724
PAN,Panama,2020,0.139614009148906
SLV,El Salvador,2020,0.0675021292702902
SVK,Slovakia,2020,0.337786421774013
SVN,Slovenia,2020,1.13757500292689
SWE,Sweden,2020,5.41321861916855
AUT,Austria,2021,5.53037672744944
BHS,Bahamas,2021,1.57962494438404
BLZ,Belize,2021,0.502758889405613
BOL,Bolivia (Plurinational State of),2021,0.150251822053762
CAN,Canada,2021,10.9707332398954
CHE,Switzerland,2021,3.44763077771724
COL,Colombia,2021,0.75969591588267
CZE,Czechia,2021,1.67592131607211
DEU,Germany,2021,6.22468596949369
ESP,Spain,2021,0.801946990792028
GTM,Guatemala,2021,0.0
GUY,Guyana,2021,2.51478062311234
HND,Honduras,2021,0.559536734454864
HRV,Croatia,2021,0.898957209636821
HUN,Hungary,2021,1.52547893592903
KNA,Saint Kitts and Nevis,2021,0.0
LTU,Lithuania,2021,0.380637140897405
LVA,Latvia,2021,1.26163138113081
MEX,Mexico,2021,1.67957966558552
SLV,El Salvador,2021,0.0672919207637633
SVK,Slovakia,2021,0.526665051560509
SVN,Slovenia,2021,0.188566016726749
SWE,Sweden,2021,5.72299829788492
VAT,Holy See,2021,0.0
AUT,Austria,2022,5.80626684503937
BHS,Bahamas,2022,0.525643519078232
BLZ,Belize,2022,0.0
BOL,Bolivia (Plurinational State of),2022,0.115630797800471
CAN,Canada,2022,12.2495407783556
CHE,Switzerland,2022,3.25298312297376
COL,Colombia,2022,0.309395125675615
CZE,Czechia,2022,3.57272999805685
DEU,Germany,2022,6.76919491640207
ESP,Spain,2022,0.975063911394367
GTM,Guatemala,2022,0.0112975591228101
GUY,Guyana,2022,3.24698841824208
HND,Honduras,2022,0.417505156188679
HRV,Croatia,2022,0.743415068280019
HUN,Hungary,2022,1.80834356805561
IRL,Ireland,2022,1.73908094315103
KNA,Saint Kitts and Nevis,2022,0.0
LTU,Lithuania,2022,0.527825847631759
LVA,Latvia,2022,0.804062583636867
MAR,Morocco,2022,0.164565208764902
MEX,Mexico,2022,1.25477307545113
MMR,Myanmar,2022,0.011202671374079
SLV,El Salvador,2022,0.0335188040490715
SVK,Slovakia,2022,0.448989549019931
SVN,Slovenia,2022,1.22433833930748
SWE,Sweden,2022,5.17067194870693
VAT,Holy See,2022,0.0
AUT,Austria,2013,19.4641933704266
CAN,Canada,2013,34.5964416421545
CHE,Switzerland,2013,12.6007849116834
COL,Colombia,2013,53.5186738070058
CZE,Czechia,2013,6.07879142404106
MMR,Myanmar,2013,0.806689097789574
AUT,Austria,2014,18.835695405063
CAN,Canada,2014,35.1347727565306
CHE,Switzerland,2014,14.4634913950677
COL,Colombia,2014,53.0311454427913
CZE,Czechia,2014,6.07821901076144
DEU,Germany,2014,24.1826215416472
MMR,Myanmar,2014,0.933817460554339
AUT,Austria,2015,17.2680180195512
BOL,Bolivia (Plurinational State of),2015,5.63713488227036
CAN,Canada,2015,37.4243289090361
CHE,Switzerland,2015,14.9325032932143
COL,Colombia,2015,57.3554972334426
CZE,Czechia,2015,6.28286407724781
DEU,Germany,2015,23.858025575981
LTU,Lithuania,2015,3.89134968912263
MMR,Myanmar,2015,0.750308725662569
NZL,New Zealand,2015,25.8304489332025
VEN,Venezuela (Bolivarian Republic of),2015,0.0
AUT,Austria,2016,24.1404682778386
BOL,Bolivia (Plurinational State of),2016,8.1477181296913
CAN,Canada,2016,42.1545292907524
CHE,Switzerland,2016,14.6451352421457
COL,Colombia,2016,57.6935783170525
CZE,Czechia,2016,6.13199817797396
DEU,Germany,2016,26.5587981386417
ESP,Spain,2016,3.92075831592944
GUY,Guyana,2016,0.769299808957214
HRV,Croatia,2016,0.652888085422012
HUN,Hungary,2016,4.0932297395361
LTU,Lithuania,2016,4.13442034134808
LVA,Latvia,2016,1.88709777100729
MMR,Myanmar,2016,1.20935658256761
MNG,Mongolia,2016,7.90324598069322
NZL,New Zealand,2016,25.4358561763664
VEN,Venezuela (Bolivarian Republic of),2016,0.006457760691404
AUT,Austria,2017,26.2929314270958
BHS,Bahamas,2017,36.5428489595164
BOL,Bolivia (Plurinational State of),2017,5.71821387860232
CAN,Canada,2017,59.8493176549583
CHE,Switzerland,2017,21.6056214026552
COL,Colombia,2017,65.200041623516
DEU,Germany,2017,30.0131808479976
ESP,Spain,2017,3.89402241752619
HUN,Hungary,2017,3.08991848579914
KGZ,Kyrgyzstan,2017,5.20176630283024
KNA,Saint Kitts and Nevis,2017,0.0
LTU,Lithuania,2017,3.93609487563088
LVA,Latvia,2017,3.33378577568861
MEX,Mexico,2017,1.96705048245468
MNG,Mongolia,2017,17.8201929708954
NZL,New Zealand,2017,25.0144100281453
OMN,Oman,2017,4.95442878294457
PAN,Panama,2017,0.439841637461997
SLV,El Salvador,2017,1.50454018028076
VEN,Venezuela (Bolivarian Republic of),2017,0.0
AUT,Austria,2018,32.8269854289357
BHS,Bahamas,2018,39.719608982516
BOL,Bolivia (Plurinational State of),2018,4.74237527553025
CAN,Canada,2018,66.1552168372482
CHE,Switzerland,2018,24.0362948051558
COL,Colombia,2018,8.21122182436289
DEU,Germany,2018,35.4675213559781
ESP,Spain,2018,5.00902731076135
GUY,Guyana,2018,49.2988538635809
HRV,Croatia,2018,4.84098560549706
HUN,Hungary,2018,1.84269699484545
KGZ,Kyrgyzstan,2018,4.50120688609633
KNA,Saint Kitts and Nevis,2018,0.0
LTU,Lithuania,2018,3.25402802182988
LVA,Latvia,2018,3.65314187024521
MEX,Mexico,2018,1.43119307038526
MMR,Myanmar,2018,0.748122313188849
MNG,Mongolia,2018,25.9391776651088
NZL,New Zealand,2018,20.5578086185375
OMN,Oman,2018,4.32338953739732
PAN,Panama,2018,1.29751799224949
SLV,El Salvador,2018,1.83954958015347
VEN,Venezuela (Bolivarian Republic of),2018,0.0
AUT,Austria,2019,36.8541043959545
BOL,Bolivia (Plurinational State of),2019,7.10657700765328
CAN,Canada,2019,72.4941342380394
CHE,Switzerland,2019,16.607703152341
COL,Colombia,2019,8.06530168962128
DEU,Germany,2019,36.1249213018117
ESP,Spain,2019,5.68871001746823
GUY,Guyana,2019,45.4690239235148
HND,Honduras,2019,7.46065618904005
HRV,Croatia,2019,9.29219600725953
HUN,Hungary,2019,1.62990686653252
KGZ,Kyrgyzstan,2019,10.5852983628021
KNA,Saint Kitts and Nevis,2019,12.3609394313968
LTU,Lithuania,2019,3.87986597069898
LVA,Latvia,2019,5.62445513090919
MEX,Mexico,2019,2.22674751618354
MNG,Mongolia,2019,23.8135516427794
PAN,Panama,2019,2.83747308834118
SLV,El Salvador,2019,10.4770119194391
SVN,Slovenia,2019,7.39887681206421
SWE,Sweden,2019,48.3573141709729
AUT,Austria,2020,35.9197581726551
BOL,Bolivia (Plurinational State of),2020,4.28846094284196
CAN,Canada,2020,66.1253715907733
CHE,Switzerland,2020,17.7329299015214
COL,Colombia,2020,4.44628402885798
CZE,Czechia,2020,8.59894332071937
DEU,Germany,2020,36.5468194506222
ESP,Spain,2020,5.46528121375735
GUY,Guyana,2020,18.1479859365208
HND,Honduras,2020,5.5964462367235
HRV,Croatia,2020,7.02751491699846
HUN,Hungary,2020,2.89519226735505
KGZ,Kyrgyzstan,2020,8.79452861475181
KNA,Saint Kitts and Nevis,2020,4.11844652197191
LTU,Lithuania,2020,2.15250497766776
LVA,Latvia,2020,5.76808674029287
MAR,Morocco,2020,2.82678645174256
MEX,Mexico,2020,2.45996310300881
MMR,Myanmar,2020,0.0188073701193582
MNG,Mongolia,2020,24.3790411984518
OMN,Oman,2020,3.90954024098523
PAN,Panama,2020,1.16578405156123
SLV,El Salvador,2020,9.01643252468669
SVN,Slovenia,2020,6.39591272538433
SWE,Sweden,2020,63.0027915815751
AUT,Austria,2021,40.1311903541128
BHS,Bahamas,2021,13.5623103395663
BLZ,Belize,2021,1.01810185090917
BOL,Bolivia (Plurinational State of),2021,5.07783591040512
CAN,Canada,2021,74.9301780516857
CHE,Switzerland,2021,19.3377063610336
COL,Colombia,2021,4.38357796701809
CZE,Czechia,2021,10.2069329234079
DEU,Germany,2021,37.8665878957317
ESP,Spain,2021,6.50812326780649
GTM,Guatemala,2021,0.0338271114375553
GUY,Guyana,2021,9.81253275830296
HND,Honduras,2021,6.18756446399489
HRV,Croatia,2021,10.0318165947884
HUN,Hungary,2021,3.02756059647693
KNA,Saint Kitts and Nevis,2021,41.1861614497529
LTU,Lithuania,2021,2.36342684738104
LVA,Latvia,2021,5.91891092039065
MEX,Mexico,2021,8.94342494907498
SLV,El Salvador,2021,9.25797201991134
SVN,Slovenia,2021,6.36363420500875
SWE,Sweden,2021,73.4423836769277
VAT,Holy See,2021,0.0
AUT,Austria,2022,46.6552902765966
BHS,Bahamas,2022,23.637753834502
BOL,Bolivia (Plurinational State of),2022,6.55775426633796
CAN,Canada,2022,77.5734421330245
CHE,Switzerland,2022,18.5228773347296
COL,Colombia,2022,2.84305016006754
CZE,Czechia,2022,10.8295299845384
DEU,Germany,2022,43.0232610168539
ESP,Spain,2022,6.56869290713649
GTM,Guatemala,2022,0.033346644202144
GUY,Guyana,2022,27.0612866929683
HND,Honduras,2022,4.17751472910838
HRV,Croatia,2022,9.93168385029148
HUN,Hungary,2022,3.15528121146129
IRL,Ireland,2022,13.6049491006295
KNA,Saint Kitts and Nevis,2022,41.161579781432
LTU,Lithuania,2022,2.41493314156975
LVA,Latvia,2022,8.60973553267543
MAR,Morocco,2022,0.50834039218948
MEX,Mexico,2022,12.24260548743
MMR,Myanmar,2022,0.318784638754267
SLV,El Salvador,2022,5.0653352417818
SVN,Slovenia,2022,8.06887975470605
SWE,Sweden,2022,65.7697654947807
VAT,Holy See,2022,0.0
AUT,Austria,2013,0.33815596066908
CAN,Canada,2013,1.39979319055462
CHE,Switzerland,2013,1.85175036703444
COL,Colombia,2013,1.03824347952977
CZE,Czechia,2013,1.20045578595486
MMR,Myanmar,2013,0.023906222582551
SVN,Slovenia,2013,0.883656768074463
AUT,Austria,2014,0.287187557886242
CAN,Canada,2014,1.48799020755342
CHE,Switzerland,2014,1.28433956604389
COL,Colombia,2014,1.02925199306831
CZE,Czechia,2014,1.1991649556807
DEU,Germany,2014,5.87103380076138
MMR,Myanmar,2014,0.0237135957276954
SVN,Slovenia,2014,2.64680711736237
AUT,Austria,2015,0.354020104801752
CAN,Canada,2015,1.56971257525616
CHE,Switzerland,2015,2.26915966795606
COL,Colombia,2015,0.676095747732399
CZE,Czechia,2015,1.21702984060579
DEU,Germany,2015,5.8165657624514
LTU,Lithuania,2015,0.224184333326234
MMR,Myanmar,2015,0.0117648955047864
NZL,New Zealand,2015,0.924364125516323
SVK,Slovakia,2015,2.80010875016957
SVN,Slovenia,2015,1.46862359128401
VEN,Venezuela (Bolivarian Republic of),2015,3.44186018657186
AUT,Austria,2016,2.51566642915359
CAN,Canada,2016,1.85774091107884
CHE,Switzerland,2016,3.4231372498443
COL,Colombia,2016,0.656752630326269
CZE,Czechia,2016,1.15764020831736
DEU,Germany,2016,6.91693483561813
ESP,Spain,2016,3.25396154048021
GUY,Guyana,2016,5.08588452900694
HRV,Croatia,2016,0.20079061303884
HUN,Hungary,2016,0.149569166017287
LTU,Lithuania,2016,0.151385613598061
LVA,Latvia,2016,0.111106852015117
MMR,Myanmar,2016,0.0155661081229264
MNG,Mongolia,2016,0.0
NZL,New Zealand,2016,1.03076179739088
SVK,Slovakia,2016,3.55057702542478
SVN,Slovenia,2016,4.20417014569894
VEN,Venezuela (Bolivarian Republic of),2016,0.418835106352868
AUT,Austria,2017,2.70451914747546
BHS,Bahamas,2017,2.65981498326976
BOL,Bolivia (Plurinational State of),2017,2.97543073079117
CAN,Canada,2017,2.343460404006
CHE,Switzerland,2017,3.45991987064195
COL,Colombia,2017,0.647356144958846
DEU,Germany,2017,3.73941166329811
ESP,Spain,2017,3.0472457217777
HUN,Hungary,2017,0.342451020407726
KNA,Saint Kitts and Nevis,2017,0.0
LTU,Lithuania,2017,0.0766307600468674
LVA,Latvia,2017,0.448060541940427
MEX,Mexico,2017,1.2594138900708
MNG,Mongolia,2017,0.0
NZL,New Zealand,2017,0.797597970742847
OMN,Oman,2017,0.0
PAN,Panama,2017,0.0
SLV,El Salvador,2017,15.4224717250457
SVK,Slovakia,2017,2.82728937400986
SVN,Slovenia,2017,4.48996663271536
VEN,Venezuela (Bolivarian Republic of),2017,0.257104735008907
ALB,Albania,2018,0.139609136301098
AUT,Austria,2018,4.99034586546396
BHS,Bahamas,2018,3.17816810390491
BOL,Bolivia (Plurinational State of),2018,1.77772193391293
CAN,Canada,2018,2.86795590736535
CHE,Switzerland,2018,6.01491295840771
COL,Colombia,2018,0.0742907401132439
DEU,Germany,2018,4.01324511789764
ESP,Spain,2018,3.80358396156582
GUY,Guyana,2018,0.0
HRV,Croatia,2018,0.0
HUN,Hungary,2018,0.106993639228148
KNA,Saint Kitts and Nevis,2018,0.0
LTU,Lithuania,2018,0.0
LVA,Latvia,2018,0.338071023087434
MEX,Mexico,2018,1.18236764321824
MMR,Myanmar,2018,0.0498593926773121
MNG,Mongolia,2018,0.0633161851998417
NZL,New Zealand,2018,1.11121788863251
OMN,Oman,2018,0.0
PAN,Panama,2018,0.0
SLV,El Salvador,2018,11.4599057955178
SVK,Slovakia,2018,2.44593726058037
SVN,Slovenia,2018,1.64886938481168
VEN,Venezuela (Bolivarian Republic of),2018,0.277384018384471
AUT,Austria,2019,4.05174467095427
BOL,Bolivia (Plurinational State of),2019,2.4685309125614
CAN,Canada,2019,2.6910049323456
CHE,Switzerland,2019,2.11554197011962
COL,Colombia,2019,0.0729807326000554
DEU,Germany,2019,3.94556511271223
ESP,Spain,2019,4.16316258207841
GUY,Guyana,2019,0.0
HND,Honduras,2019,0.0
HRV,Croatia,2019,0.156243123675026
HUN,Hungary,2019,0.192388635304041
KNA,Saint Kitts and Nevis,2019,0.0
LTU,Lithuania,2019,0.230740654426644
LVA,Latvia,2019,0.226487228385191
MEX,Mexico,2019,2.21134477399983
MNG,Mongolia,2019,0.0
PAN,Panama,2019,0.0
SLV,El Salvador,2019,12.9140089275693
SVK,Slovakia,2019,2.47941568437038
SVN,Slovenia,2019,0.959010914503218
SWE,Sweden,2019,4.50742675939327
AUT,Austria,2020,3.21251797500638
BOL,Bolivia (Plurinational State of),2020,1.8181617694283
CAN,Canada,2020,2.29903864591686
CHE,Switzerland,2020,1.07298665134628
COL,Colombia,2020,0.0
CZE,Czechia,2020,0.326883159460335
DEU,Germany,2020,3.99358362616182
ESP,Spain,2020,3.82197007183916
GUY,Guyana,2020,0.0
HND,Honduras,2020,0.0
HRV,Croatia,2020,0.209988138295038
HUN,Hungary,2020,0.235441501508912
KNA,Saint Kitts and Nevis,2020,0.0
LTU,Lithuania,2020,0.0
LVA,Latvia,2020,0.341586830233623
MAR,Morocco,2020,0.411438688489375
MEX,Mexico,2020,2.62348913005465
MNG,Mongolia,2020,0.0
PAN,Panama,2020,0.0
SLV,El Salvador,2020,12.2853875271928
SVK,Slovakia,2020,3.45292786702324
SVN,Slovenia,2020,0.473989584552869
SWE,Sweden,2020,8.83007292488487
AUT,Austria,2021,3.33182532350437
BHS,Bahamas,2021,0.526541648128013
BLZ,Belize,2021,0.502758889405613
BOL,Bolivia (Plurinational State of),2021,2.13691480254239
CAN,Canada,2021,3.22422312775552
CHE,Switzerland,2021,1.55027692689299
COL,Colombia,2021,0.0
CZE,Czechia,2021,0.0192634634031278
DEU,Germany,2021,3.71738633325906
ESP,Spain,2021,4.41923980032202
GUY,Guyana,2021,0.0
HND,Honduras,2021,0.0
HRV,Croatia,2021,0.105759671721979
HUN,Hungary,2021,0.193370569343116
KNA,Saint Kitts and Nevis,2021,0.0
LTU,Lithuania,2021,0.152254856358962
LVA,Latvia,2021,0.0
MEX,Mexico,2021,3.00097807683869
SLV,El Salvador,2021,14.7369306472642
SVK,Slovakia,2021,3.15999030936305
SVN,Slovenia,2021,0.471415041816871
SWE,Sweden,2021,9.67186712342552
VAT,Holy See,2021,0.0
AUT,Austria,2022,3.72139110531481
BHS,Bahamas,2022,0.0
BLZ,Belize,2022,0.985644093774179
BOL,Bolivia (Plurinational State of),2022,2.49432149541016
CAN,Canada,2022,4.58450213719999
CHE,Switzerland,2022,1.69521655704266
COL,Colombia,2022,0.0
CZE,Czechia,2022,0.0
DEU,Germany,2022,4.53849225000053
ESP,Spain,2022,5.08395768648417
GUY,Guyana,2022,0.749305019594326
HND,Honduras,2022,0.0
HRV,Croatia,2022,0.159303228917147
HUN,Hungary,2022,0.172223196957677
IRL,Ireland,2022,0.19762283444898
KNA,Saint Kitts and Nevis,2022,0.0
LTU,Lithuania,2022,0.301614770075291
LVA,Latvia,2022,0.804062583636867
MAR,Morocco,2022,0.775049047731475
MEX,Mexico,2022,3.7402814279731
SLV,El Salvador,2022,18.267748206744
SVK,Slovakia,2022,1.64629501307308
SVN,Slovenia,2022,0.282539616763264
SWE,Sweden,2022,7.91699954051098
VAT,Holy See,2022,0.0
AUT,Austria,2013,2.39559303020636
CAN,Canada,2013,20.2800912176919
CHE,Switzerland,2013,8.20516226807291
COL,Colombia,2013,5.75787702658086
CZE,Czechia,2013,12.0266550327951
MMR,Myanmar,2013,0.0953721100834965
SVN,Slovenia,2013,7.03311779557039
AUT,Austria,2014,3.50165418830454
CAN,Canada,2014,19.8001984028879
CHE,Switzerland,2014,6.85748172988186
COL,Colombia,2014,5.70542564525103
CZE,Czechia,2014,12.0255225351372
DEU,Germany,2014,32.6600489256604
MMR,Myanmar,2014,0.0630425289825714
SVN,Slovenia,2014,5.48972434360474
AUT,Austria,2015,3.65328633527956
CAN,Canada,2015,21.2087749264831
CHE,Switzerland,2015,7.86046973354799
COL,Colombia,2015,4.64452782090061
CZE,Czechia,2015,11.6120791427705
DEU,Germany,2015,33.54232520634
LTU,Lithuania,2015,2.80687518559665
MMR,Myanmar,2015,0.121143596330936
NZL,New Zealand,2015,10.6310442716817
SVK,Slovakia,2015,20.0538357281226
SVN,Slovenia,2015,4.14025847729959
VEN,Venezuela (Bolivarian Republic of),2015,0.0260099999996749
AUT,Austria,2016,17.0085685163522
CAN,Canada,2016,23.3724840635765
CHE,Switzerland,2016,7.64196879355907
COL,Colombia,2016,4.65217004348487
CZE,Czechia,2016,11.4974965837012
DEU,Germany,2016,37.9452297847152
ESP,Spain,2016,17.5697139570973
GUY,Guyana,2016,0.0
HRV,Croatia,2016,0.606253222177582
HUN,Hungary,2016,1.77373288713231
LTU,Lithuania,2016,1.61500794583909
LVA,Latvia,2016,2.9250015450613
MMR,Myanmar,2016,0.0930274294282776
MNG,Mongolia,2016,7.57666556826788
NZL,New Zealand,2016,9.93129804579711
SVK,Slovakia,2016,19.7496080656104
SVN,Slovenia,2016,5.77712432082682
VEN,Venezuela (Bolivarian Republic of),2016,3.27408467054184
AUT,Austria,2017,19.2054660679212
BHS,Bahamas,2017,28.1478701444924
BOL,Bolivia (Plurinational State of),2017,18.9837597398319
CAN,Canada,2017,24.6914159421618
CHE,Switzerland,2017,18.6498034908913
COL,Colombia,2017,4.81472174297528
DEU,Germany,2017,28.9652146758704
ESP,Spain,2017,20.0827492352159
HUN,Hungary,2017,1.79919304236405
KGZ,Kyrgyzstan,2017,1.4360704517016
KNA,Saint Kitts and Nevis,2017,61.9322873658134
LTU,Lithuania,2017,1.64003953151287
LVA,Latvia,2017,1.71451839892557
MEX,Mexico,2017,7.91402077639799
MNG,Mongolia,2017,4.55120036307041
NZL,New Zealand,2017,12.5894892575863
OMN,Oman,2017,0.0
PAN,Panama,2017,0.0
SLV,El Salvador,2017,110.292006685071
SVK,Slovakia,2017,18.5053232448779
SVN,Slovenia,2017,9.34576287679924
VEN,Venezuela (Bolivarian Republic of),2017,2.38367286707393
AUT,Austria,2018,25.3045982594576
BHS,Bahamas,2018,21.0857183487431
BOL,Bolivia (Plurinational State of),2018,13.4571460770582
CAN,Canada,2018,27.3747560978986
CHE,Switzerland,2018,18.81911453737
COL,Colombia,2018,0.475895960351091
DEU,Germany,2018,34.5861052330291
ESP,Spain,2018,24.3856146245565
GUY,Guyana,2018,2.47732933987844
HRV,Croatia,2018,0.527236056044234
HUN,Hungary,2018,0.862539018863826
KGZ,Kyrgyzstan,2018,1.81298610689991
KNA,Saint Kitts and Nevis,2018,12.3708789509495
LTU,Lithuania,2018,0.730496086533238
LVA,Latvia,2018,0.672947186624117
MEX,Mexico,2018,12.4521617850678
MMR,Myanmar,2018,0.114508517324824
MNG,Mongolia,2018,8.31061031988924
NZL,New Zealand,2018,10.3193724364706
OMN,Oman,2018,0.0
PAN,Panama,2018,0.0
SLV,El Salvador,2018,128.615174812397
SVK,Slovakia,2018,18.3073655916294
SVN,Slovenia,2018,7.99251977185689
VEN,Venezuela (Bolivarian Republic of),2018,2.54880673752771
AUT,Austria,2019,20.8537054940428
BOL,Bolivia (Plurinational State of),2019,52.4196299181027
CAN,Canada,2019,26.6765372834451
CHE,Switzerland,2019,7.8412414605064
COL,Colombia,2019,0.467438899496715
DEU,Germany,2019,32.0112195305321
ESP,Spain,2019,26.2973361113408
GUY,Guyana,2019,8.51024511937442
HND,Honduras,2019,0.0
HRV,Croatia,2019,1.64549304295221
HUN,Hungary,2019,0.746222420822119
KGZ,Kyrgyzstan,2019,7.8093267460442
KNA,Saint Kitts and Nevis,2019,0.0
LTU,Lithuania,2019,1.80614450360125
LVA,Latvia,2019,1.74552055786837
MEX,Mexico,2019,15.0189319606844
MNG,Mongolia,2019,5.38124413745924
PAN,Panama,2019,0.0
SLV,El Salvador,2019,129.706632944167
SVK,Slovakia,2019,20.4395727340403
SVN,Slovenia,2019,5.66926924560764
SWE,Sweden,2019,60.1775560808344
AUT,Austria,2020,19.1733844299983
BOL,Bolivia (Plurinational State of),2020,41.3530162345475
CAN,Canada,2020,21.0855645179617
CHE,Switzerland,2020,9.23398681400465
COL,Colombia,2020,0.0
CZE,Czechia,2020,0.0560800651351263
DEU,Germany,2020,28.8704048435956
ESP,Spain,2020,20.3649732105393
GRC,Greece,2020,0.0725400600214592
GUY,Guyana,2020,1.69381202074194
HND,Honduras,2020,0.0
HRV,Croatia,2020,1.95208747694402
HUN,Hungary,2020,1.12262557305604
KGZ,Kyrgyzstan,2020,4.69437676057698
KNA,Saint Kitts and Nevis,2020,0.0
LTU,Lithuania,2020,1.27804983049023
LVA,Latvia,2020,0.293292546116587
MAR,Morocco,2020,1.1373398614433
MEX,Mexico,2020,17.3148868941038
MMR,Myanmar,2020,0.0413762142625879
MNG,Mongolia,2020,4.74205788897566
PAN,Panama,2020,0.0
SLV,El Salvador,2020,104.560053108316
SVK,Slovakia,2020,17.7738407764875
SVN,Slovenia,2020,4.39122366220416
SWE,Sweden,2020,92.8226873810618
AUT,Austria,2021,20.5046672815871
BHS,Bahamas,2021,7.26552339619626
BLZ,Belize,2021,16.7986805400012
BOL,Bolivia (Plurinational State of),2021,49.2819107728391
CAN,Canada,2021,23.5726680986162
CHE,Switzerland,2021,9.28118689733571
COL,Colombia,2021,0.0
CZE,Czechia,2021,0.0187283172906567
DEU,Germany,2021,27.7433460391424
ESP,Spain,2021,28.4529715541293
GUY,Guyana,2021,0.0
HND,Honduras,2021,0.0
HRV,Croatia,2021,2.70465643486941
HUN,Hungary,2021,1.04876282100181
KNA,Saint Kitts and Nevis,2021,8.23723228995058
LTU,Lithuania,2021,1.14795018301365
LVA,Latvia,2021,0.493242576699221
MEX,Mexico,2021,19.0913874657846
SLV,El Salvador,2021,137.316433676909
SVK,Slovakia,2021,17.2022281733712
SVN,Slovenia,2021,5.50881767000757
SWE,Sweden,2021,101.427797246452
VAT,Holy See,2021,0.0
AUT,Austria,2022,24.2181790774698
BHS,Bahamas,2022,11.5776753475112
BLZ,Belize,2022,52.0468421579422
BOL,Bolivia (Plurinational State of),2022,56.3136771428313
CAN,Canada,2022,26.5879812549358
CHE,Switzerland,2022,9.71321616333383
COL,Colombia,2022,0.0
CZE,Czechia,2022,0.0
DEU,Germany,2022,37.3485217791665
ESP,Spain,2022,33.1967525844715
GUY,Guyana,2022,6.88401152715861
HND,Honduras,2022,0.0
HRV,Croatia,2022,2.9152703839164
HUN,Hungary,2022,1.36927297855867
IRL,Ireland,2022,3.7210117198303
KNA,Saint Kitts and Nevis,2022,41.161579781432
LTU,Lithuania,2022,1.60995542771317
LVA,Latvia,2022,2.671986889451
MAR,Morocco,2022,1.68184959543541
MEX,Mexico,2022,24.8718513652846
MMR,Myanmar,2022,0.0074135962500992
SLV,El Salvador,2022,169.885884366586
SVK,Slovakia,2022,18.496508783967
SVN,Slovenia,2022,6.26524780953647
SWE,Sweden,2022,88.1794928911045
VAT,Holy See,2022,0.0
AUT,Austria,2013,0.0241539971906486
CAN,Canada,2013,0.0
CHE,Switzerland,2013,1.95184498146873
COL,Colombia,2013,2.04144076565769
CZE,Czechia,2013,0.0387243801920923
FIN,Finland,2013,5.31111839623674
SWE,Sweden,2013,16.0952437615274
AUT,Austria,2014,0.119661482452601
CAN,Canada,2014,0.0
CHE,Switzerland,2014,2.29699191619388
COL,Colombia,2014,2.0237613028263
CZE,Czechia,2014,0.0386827405058291
DEU,Germany,2014,2.10896350692879
FIN,Finland,2014,4.87661875357719
SWE,Sweden,2014,29.6486949670618
ATG,Antigua and Barbuda,2015,65.9708314680866
AUT,Austria,2015,0.0708040209603503
BOL,Bolivia (Plurinational State of),2015,0.396329520253024
CAN,Canada,2015,0.0
CHE,Switzerland,2015,1.80556790783601
COL,Colombia,2015,2.07565700896189
CZE,Czechia,2015,0.0579538019336093
DEU,Germany,2015,1.73506919126742
FIN,Finland,2015,6.56323088945684
ITA,Italy,2015,1.37400880059439
LTU,Lithuania,2015,0.0747281111087447
NOR,Norway,2015,126.421693686975
NZL,New Zealand,2015,21.1723402082548
SWE,Sweden,2015,32.7028964300494
VEN,Venezuela (Bolivarian Republic of),2015,1.44123782191059
ATG,Antigua and Barbuda,2016,93.6318629229527
AUT,Austria,2016,0.442570945869613
AZE,Azerbaijan,2016,0.688787602324095
BOL,Bolivia (Plurinational State of),2016,0.51487326838355
CAN,Canada,2016,0.0
CHE,Switzerland,2016,1.71156862492215
COL,Colombia,2016,1.22394808378987
CZE,Czechia,2016,0.0385880069439119
DEU,Germany,2016,1.50091364751643
ESP,Spain,2016,2.56227720233
FIN,Finland,2016,7.68368627804453
FRA,France,2016,13.2694107511813
HRV,Croatia,2016,1.35533663801217
HUN,Hungary,2016,0.0213670237167553
ITA,Italy,2016,1.70116571189592
LTU,Lithuania,2016,0.378464033995153
LVA,Latvia,2016,0.111106852015117
MNG,Mongolia,2016,0.0
NOR,Norway,2016,151.191013178874
NZL,New Zealand,2016,18.768454394159
POL,Poland,2016,1.96708617518902
SWE,Sweden,2016,35.6779806826058
VEN,Venezuela (Bolivarian Republic of),2016,0.176696060492616
ATG,Antigua and Barbuda,2017,72.1441953013184
AUT,Austria,2017,0.138693289614126
AZE,Azerbaijan,2017,0.741642614784646
BHS,Bahamas,2017,0.531962996653953
BOL,Bolivia (Plurinational State of),2017,0.157522803394826
CAN,Canada,2017,0.0273768738785748
CHE,Switzerland,2017,2.29070556952846
COL,Colombia,2017,1.14758589333614
DEU,Germany,2017,1.05795610291485
ESP,Spain,2017,1.37603546125859
FIN,Finland,2017,8.06379752577654
FRA,France,2017,14.1335898240811
GTM,Guatemala,2017,24.8316446112534
HUN,Hungary,2017,0.0214031887754829
ITA,Italy,2017,1.7520773471045
KNA,Saint Kitts and Nevis,2017,13.140316681632
LTU,Lithuania,2017,0.613046080374939
LVA,Latvia,2017,0.448060541940427
MEX,Mexico,2017,5.67651280438782
MNG,Mongolia,2017,0.0
NOR,Norway,2017,33.6252410467154
NZL,New Zealand,2017,20.1918223119637
OMN,Oman,2017,0.0
PAN,Panama,2017,7.64914865462681
POL,Poland,2017,2.16656404231267
SWE,Sweden,2017,37.6774226265799
VEN,Venezuela (Bolivarian Republic of),2017,0.0725167201307173
ALB,Albania,2018,6.2824111335494
ATG,Antigua and Barbuda,2018,57.8703703703704
AUT,Austria,2018,0.252966841106468
AZE,Azerbaijan,2018,0.571316115429932
BHS,Bahamas,2018,2.11877873593661
BOL,Bolivia (Plurinational State of),2018,0.172594362515818
CAN,Canada,2018,0.0378073283456826
CHE,Switzerland,2018,2.29703368884074
COL,Colombia,2018,17.1776700195178
DEU,Germany,2018,1.0276045307934
ESP,Spain,2018,1.69864601919928
FIN,Finland,2018,11.2445368913596
FRA,France,2018,16.0650483137571
GTM,Guatemala,2018,24.8156778157228
GUY,Guyana,2018,0.0
HRV,Croatia,2018,1.08330289768049
HUN,Hungary,2018,0.0
ITA,Italy,2018,1.54531312485834
KNA,Saint Kitts and Nevis,2018,0.0
LTU,Lithuania,2018,0.0
LVA,Latvia,2018,0.450761364116578
MEX,Mexico,2018,5.51936471666868
MNG,Mongolia,2018,0.0
NOR,Norway,2018,34.1465683539393
NZL,New Zealand,2018,20.5781090487502
OMN,Oman,2018,0.0
PAN,Panama,2018,10.4457933999356
POL,Poland,2018,2.10760288363197
SWE,Sweden,2018,35.9499259388495
VEN,Venezuela (Bolivarian Republic of),2018,0.182667524301969
ATG,Antigua and Barbuda,2019,55.2689756816507
AUT,Austria,2019,0.297585766793251
AZE,Azerbaijan,2019,0.86996739038512
BOL,Bolivia (Plurinational State of),2019,1.4300454941735
CAN,Canada,2019,0.0213148905532325
CHE,Switzerland,2019,1.78645766365656
COL,Colombia,2019,16.8747671711906
DEU,Germany,2019,1.1705822785258
DNK,Denmark,2019,18.0783289402072
ESP,Spain,2019,0.794005234726295
FIN,Finland,2019,8.32765316461826
FRA,France,2019,18.2801300342709
GTM,Guatemala,2019,23.5456816554346
GUY,Guyana,2019,0.0
HND,Honduras,2019,6.50556869695953
HRV,Croatia,2019,3.0207003910505
HUN,Hungary,2019,0.0
ITA,Italy,2019,1.77655118833884
KNA,Saint Kitts and Nevis,2019,0.0
LTU,Lithuania,2019,0.38456775737774
LVA,Latvia,2019,0.679461685155574
MEX,Mexico,2019,7.50190133973334
NOR,Norway,2019,21.5896111681352
PAN,Panama,2019,11.744490819723
POL,Poland,2019,2.1996258587369
SVK,Slovakia,2019,1.27727474649383
SVN,Slovenia,2019,0.0
SWE,Sweden,2019,28.3406875644255
ATG,Antigua and Barbuda,2020,52.6707505581955
AUT,Austria,2020,0.205054338830195
AZE,Azerbaijan,2020,0.481902260985012
BOL,Bolivia (Plurinational State of),2020,1.17843818388871
CAN,Canada,2020,0.0158190732517215
CHE,Switzerland,2020,1.37622200933545
COL,Colombia,2020,12.6973463365727
CZE,Czechia,2020,1.21139053211771
DEU,Germany,2020,1.60324582202494
DNK,Denmark,2020,19.3392458797237
ESP,Spain,2020,0.538065060392999
FIN,Finland,2020,8.56803274306667
FRA,France,2020,17.1157869202309
GTM,Guatemala,2020,20.0371627841858
GUY,Guyana,2020,0.0
HND,Honduras,2020,4.04032717235742
HRV,Croatia,2020,0.944946622327671
HUN,Hungary,2020,0.0
ITA,Italy,2020,1.30689411277046
KNA,Saint Kitts and Nevis,2020,0.0
LTU,Lithuania,2020,0.305547715286056
LVA,Latvia,2020,0.341586830233623
MAR,Morocco,2020,1.46169007752804
MEX,Mexico,2020,5.28591687428452
NOR,Norway,2020,22.8178790431236
PAN,Panama,2020,10.6572026983665
POL,Poland,2020,2.3057672557992
SVK,Slovakia,2020,0.450381895698684
SVN,Slovenia,2020,0.0
SWE,Sweden,2020,24.7817916217965
ATG,Antigua and Barbuda,2021,52.3685378931909
AUT,Austria,2021,0.407978611041352
BHS,Bahamas,2021,0.0
BOL,Bolivia (Plurinational State of),2021,1.31887710469413
CAN,Canada,2021,0.0157023853624457
CHE,Switzerland,2021,1.78166154284717
COL,Colombia,2021,12.9939655612432
CZE,Czechia,2021,1.09801741397828
DEU,Germany,2021,1.79818883177831
DNK,Denmark,2021,21.3121451943944
ESP,Spain,2021,0.861666447553136
FIN,Finland,2021,8.72735930373931
FRA,France,2021,21.9636866422836
GTM,Guatemala,2021,25.4982102283905
GUY,Guyana,2021,0.0
HND,Honduras,2021,6.09702096854265
HRV,Croatia,2021,0.793197537914842
HUN,Hungary,2021,0.0
ITA,Italy,2021,1.56070882935861
KNA,Saint Kitts and Nevis,2021,4.44780500822844
LTU,Lithuania,2021,0.152254856358962
MEX,Mexico,2021,5.67927033896354
NOR,Norway,2021,26.2078040609267
POL,Poland,2021,2.62417028913314
SVK,Slovakia,2021,0.413808254797542
SVN,Slovenia,2021,0.0
SWE,Sweden,2021,24.4181260709757
VAT,Holy See,2021,0.0
ATG,Antigua and Barbuda,2022,70.183382386235
AUT,Austria,2022,0.246598205773873
BHS,Bahamas,2022,0.0
BLZ,Belize,2022,0.0
BOL,Bolivia (Plurinational State of),2022,2.04831698960834
CAN,Canada,2022,0.0207443535619909
CHE,Switzerland,2022,1.46613323852338
COL,Colombia,2022,17.6511877394936
CZE,Czechia,2022,1.71034946715488
DEU,Germany,2022,2.19456817396523
DNK,Denmark,2022,20.7776813640378
ESP,Spain,2022,1.41362977547131
FIN,Finland,2022,11.8779146522795
FRA,France,2022,25.3573016293997
GTM,Guatemala,2022,27.5773418187794
GUY,Guyana,2022,0.0
HND,Honduras,2022,4.63051173227444
HRV,Croatia,2022,0.743415068280019
HUN,Hungary,2022,0.0
IRL,Ireland,2022,0.276671968228572
ITA,Italy,2022,2.01995637890459
KNA,Saint Kitts and Nevis,2022,0.0
LTU,Lithuania,2022,0.377018462594113
MAR,Morocco,2022,2.65427756072423
MEX,Mexico,2022,11.1487308887784
NOR,Norway,2022,19.9181248757389
POL,Poland,2022,3.42399235519798
SVK,Slovakia,2022,0.448989549019931
SVN,Slovenia,2022,0.0
SWE,Sweden,2022,23.8646397632628
VAT,Holy See,2022,0.0
AUT,Austria,2013,0.57586370918422
CAN,Canada,2013,0.0
CHE,Switzerland,2013,14.3834540949254
COL,Colombia,2013,10.1995453806671
CZE,Czechia,2013,0.729454970884927
FIN,Finland,2013,63.353928784326
SWE,Sweden,2013,142.046842404506
AUT,Austria,2014,0.160206400772103
CAN,Canada,2014,0.0
CHE,Switzerland,2014,13.6183792100471
COL,Colombia,2014,10.1066326210366
CZE,Czechia,2014,0.729386281291373
DEU,Germany,2014,7.64512446782521
FIN,Finland,2014,64.5673510073245
SWE,Sweden,2014,318.851031825347
AUT,Austria,2015,0.249603414211647
BLZ,Belize,2015,104.443359237168
BOL,Bolivia (Plurinational State of),2015,43.9806335132976
CAN,Canada,2015,0.0
CHE,Switzerland,2015,9.36566606550399
COL,Colombia,2015,10.9144298384174
CZE,Czechia,2015,1.06584301310454
DEU,Germany,2015,6.19545630465482
FIN,Finland,2015,78.0487804878049
ITA,Italy,2015,11.5358820789045
LTU,Lithuania,2015,1.21205973923492
NOR,Norway,2015,19.8613006242539
NZL,New Zealand,2015,104.346474698755
SWE,Sweden,2015,278.371301254141
VEN,Venezuela (Bolivarian Republic of),2015,0.0065024999999187
AUT,Austria,2016,1.34988639018669
AZE,Azerbaijan,2016,1.41804832826873
BLZ,Belize,2016,95.0105644014196
BOL,Bolivia (Plurinational State of),2016,44.3077238114629
CAN,Canada,2016,0.0
CHE,Switzerland,2016,9.65301321291673
COL,Colombia,2016,6.29043422546475
CZE,Czechia,2016,1.12170698377572
DEU,Germany,2016,5.20774780711891
ESP,Spain,2016,10.1198520227481
FIN,Finland,2016,88.4367037424218
FRA,France,2016,71.7028505485802
HRV,Croatia,2016,17.0217250842167
HUN,Hungary,2016,0.0974578509413356
ITA,Italy,2016,11.410098731935
LTU,Lithuania,2016,0.51680254266851
LVA,Latvia,2016,1.03790377405401
MNG,Mongolia,2016,2.35137896946245
NOR,Norway,2016,29.5122419049594
NZL,New Zealand,2016,115.446101755996
POL,Poland,2016,14.6895399971818
SWE,Sweden,2016,321.286973779473
VEN,Venezuela (Bolivarian Republic of),2016,1.54986256593697
AUT,Austria,2017,1.38619196299315
AZE,Azerbaijan,2017,1.74017794199322
BHS,Bahamas,2017,1.48146684971013
BOL,Bolivia (Plurinational State of),2017,37.3282160646648
CAN,Canada,2017,0.0539231621361909
CHE,Switzerland,2017,15.6236089621807
COL,Colombia,2017,6.21970027206875
DEU,Germany,2017,4.6980252206248
ESP,Spain,2017,9.21893022769939
FIN,Finland,2017,94.358067919188
FRA,France,2017,80.6699264910178
HUN,Hungary,2017,0.117338676675917
ITA,Italy,2017,13.24014537899
KNA,Saint Kitts and Nevis,2017,169.281585466557
LTU,Lithuania,2017,0.196804743781544
LVA,Latvia,2017,1.61926737676304
MEX,Mexico,2017,27.5244871123237
MNG,Mongolia,2017,0.0
NOR,Norway,2017,153.127161049553
NZL,New Zealand,2017,120.875553721531
OMN,Oman,2017,0.0
POL,Poland,2017,14.6038878168627
SWE,Sweden,2017,338.779684516908
VEN,Venezuela (Bolivarian Republic of),2017,1.3509644587231
AUT,Austria,2018,1.13503475042422
AZE,Azerbaijan,2018,1.57623734631686
BHS,Bahamas,2018,1.9614621719761
BOL,Bolivia (Plurinational State of),2018,46.2862826707658
CAN,Canada,2018,0.133119802071089
CHE,Switzerland,2018,15.3720490032973
COL,Colombia,2018,6.04952491971726
DEU,Germany,2018,5.17239622687556
ESP,Spain,2018,10.973943999993
FIN,Finland,2018,109.468350262935
FRA,France,2018,96.8770660122393
GUY,Guyana,2018,0.495465867975687
HRV,Croatia,2018,7.71681863846561
HUN,Hungary,2018,0.0196031595196324
ITA,Italy,2018,14.1366820051932
KNA,Saint Kitts and Nevis,2018,127.832415826478
LTU,Lithuania,2018,0.265634940557541
LVA,Latvia,2018,2.40338280937185
MEX,Mexico,2018,34.6364364487554
MNG,Mongolia,2018,0.0
NOR,Norway,2018,154.076421905265
NZL,New Zealand,2018,135.08260859976
OMN,Oman,2018,0.0
POL,Poland,2018,15.2977356075391
SWE,Sweden,2018,344.359153521193
VEN,Venezuela (Bolivarian Republic of),2018,1.43744714179108
AUT,Austria,2019,1.59560764672803
AZE,Azerbaijan,2019,1.18039514598295
CAN,Canada,2019,0.152497453423991
CHE,Switzerland,2019,7.91063297785601
DEU,Germany,2019,5.6078739088938
DNK,Denmark,2019,140.981882852578
ESP,Spain,2019,6.92754781442599
FIN,Finland,2019,93.3509448295916
FRA,France,2019,108.991684136583
GUY,Guyana,2019,0.0
HRV,Croatia,2019,12.5831820931639
HUN,Hungary,2019,0.0
ITA,Italy,2019,14.1996150326591
KNA,Saint Kitts and Nevis,2019,173.053152039555
LTU,Lithuania,2019,2.6088753940907
LVA,Latvia,2019,2.42433410815051
MEX,Mexico,2019,45.5213468242334
NOR,Norway,2019,140.762246607688
POL,Poland,2019,16.6232362808561
SVN,Slovenia,2019,0.0
SWE,Sweden,2019,199.437227323507
AUT,Austria,2020,1.98573601691582
AZE,Azerbaijan,2020,0.749788473136521
CAN,Canada,2020,0.161395679026374
CHE,Switzerland,2020,8.33815227234748
CZE,Czechia,2020,9.53361107297147
DEU,Germany,2020,6.52849537656044
DNK,Denmark,2020,142.833111485918
ESP,Spain,2020,5.94339027921425
FIN,Finland,2020,96.4792230206573
FRA,France,2020,107.873295359081
GUY,Guyana,2020,0.0
HRV,Croatia,2020,5.12422962697804
HUN,Hungary,2020,0.0
ITA,Italy,2020,13.3525999258942
KNA,Saint Kitts and Nevis,2020,197.685433054652
LTU,Lithuania,2020,1.47984717214659
LVA,Latvia,2020,1.5642269126218
MAR,Morocco,2020,3.4506670553498
NOR,Norway,2020,140.446883607411
POL,Poland,2020,13.2046079960237
SVN,Slovenia,2020,0.0
SWE,Sweden,2020,170.56047310606
AUT,Austria,2021,1.20744828745963
BHS,Bahamas,2021,0.968736452826167
CAN,Canada,2021,0.175722586133074
CHE,Switzerland,2021,8.8479128161333
COL,Colombia,2021,22.4195316799077
CZE,Czechia,2021,10.6751408556743
DEU,Germany,2021,6.79602250512291
DNK,Denmark,2021,183.251810686234
ESP,Spain,2021,7.6113345491298
FIN,Finland,2021,118.748551547772
FRA,France,2021,144.030607626906
GUY,Guyana,2021,0.0
HRV,Croatia,2021,6.14694644288503
HUN,Hungary,2021,0.0
ITA,Italy,2021,14.9235035532852
KNA,Saint Kitts and Nevis,2021,65.8978583196046
LTU,Lithuania,2021,1.28300314572113
MEX,Mexico,2021,39.7832414089194
NOR,Norway,2021,157.54345645194
POL,Poland,2021,14.3700035565248
SVN,Slovenia,2021,0.0
SWE,Sweden,2021,167.719211986415
VAT,Holy See,2021,0.0
AUT,Austria,2022,1.95483059818142
BHS,Bahamas,2022,0.0
BLZ,Belize,2022,0.0
CAN,Canada,2022,0.245663734405567
CHE,Switzerland,2022,9.50991629014777
COL,Colombia,2022,20.4356155800828
CZE,Czechia,2022,11.10673638346
DEU,Germany,2022,9.03119717256117
DNK,Denmark,2022,175.96537449011
ESP,Spain,2022,9.73596134453626
FIN,Finland,2022,121.187782297316
FRA,France,2022,160.726915982738
GUY,Guyana,2022,4.98497386449417
HRV,Croatia,2022,6.86817937905729
HUN,Hungary,2022,0.0
IRL,Ireland,2022,1.51166101118106
ITA,Italy,2022,17.4961467014863
KNA,Saint Kitts and Nevis,2022,131.717055300582
LTU,Lithuania,2022,0.536651809237723
MAR,Morocco,2022,6.27313675467868
NOR,Norway,2022,141.30273880782
POL,Poland,2022,14.5133952040736
SVN,Slovenia,2022,0.0
SWE,Sweden,2022,165.010100699752
VAT,Holy See,2022,0.0
